Week,Trial,Block,Channel,Jar,Oyster ID,Species,Treatment,Trmt_type,Trmt_type2,Slope (umol/L/min),R2,Slope.corr,Weight of container (g),Weight of oyster (g),Weight of water + container + oyster (g),Weight of water (g),Volume of water (L),Respiration rate (umol/min),Respiration rate (umol/hr),Tissue wet weight (g),Respiration rate (umol/hr/g),Comments
2,1,41,3,22,2Wh,Pacific,8.0 Constant,Static,Mild,-0.319639192,0.959515478,-0.231583103,36.179,0.38,59.34,22.781,0.022203704,0.005142003,0.308520157,0.0983,3.138557036,
2,1,41,4,22,2Gr,Pacific,8.0 Constant,Static,Mild,-0.508403423,0.986705148,-0.420347335,36.355,0.28,59.01,22.375,0.021807992,0.009166931,0.550015884,0.0387,14.21229675,
2,1,42,1,22,2Or,Olympia,8.0 Constant,Static,Mild,-1.172823108,0.98198297,-1.08476702,36.241,1.54,54.03,16.249,0.015837232,0.017179707,1.030782416,0.174,5.924036871,
2,1,42,2,22,3Pi,Olympia,8.0 Constant,Static,Mild,-0.8089556,0.982922622,-0.720899511,35.862,0.54,53.14,16.738,0.01631384,0.011760639,0.705638364,0.072,9.800532832,
2,1,42,3,51,3Or,Pacific,8.0 Constant,Static,Mild,-0.684882536,0.942926779,-0.596826448,35.958,0.62,55.98,19.402,0.018910331,0.011286186,0.677171154,0.082,8.258184808,ID changed from 2Or to 3Or during length QAQC by Amanda
2,1,42,4,51,3Bl,Pacific,8.0 Constant,Static,Mild,-0.602683181,0.975673427,-0.514627093,35.878,0.32,53.17,16.972,0.01654191,0.008512915,0.510774914,0.036,14.18819204,ID changed from 2Bl to 3Bl during length QAQC by Amanda
2,1,44,1,51,3Pi,Olympia,8.0 Constant,Static,Mild,-0.481304507,0.989090234,-0.393248418,36.143,0.9,62.57,25.527,0.024880117,0.009784067,0.587043999,0.098,5.990244885,ASSUMING this is the correct tissue weight (not clear from data sheet)
2,1,44,2,51,2Bl,Olympia,8.0 Constant,Static,Mild,-0.188298807,0.988252454,-0.100242719,36.107,0.28,61.55,25.163,0.024525341,0.002458487,0.147509213,0.028,5.268186182,ASSUMING this is the correct tissue weight (not clear from data sheet)
2,2,41,3,54,3Bl,Pacific,8.0 Constant,Static,Mild,-0.715939097,0.987294791,-0.655532841,36.179,0.39,51.52,14.951,0.014572125,0.009552506,0.573150381,0.0572,10.02011155,
2,2,41,4,54,3Gr,Pacific,8.0 Constant,Static,Mild,-0.619798063,0.979496494,-0.559391807,36.355,0.37,54.75,18.025,0.017568226,0.009827522,0.589651305,0.057,10.34475974,
2,2,42,1,54,2Bl,Olympia,8.0 Constant,Static,Mild,-0.545333496,0.980730301,-0.48492724,36.241,0.57,54.58,17.769,0.017318713,0.008398316,0.503898955,0.066,7.634832648,
2,2,42,2,54,2Bk,Olympia,8.0 Constant,Static,Mild,-0.493715579,0.968057349,-0.433309323,36.26,0.61,56.28,19.41,0.018918129,0.008197402,0.491844092,0.101,4.869743481,Changed vials -- new vials (without plunger( weights 21.28g. 42.2 plunger weighs 14.988g.
2,2,42,3,2,2Bk,Pacific,8.0 Constant,Static,Mild,-0.074364509,0.83425173,-0.013958253,35.958,0.58,56.51,19.972,0.019465887,0.00027171,0.016302586,0.12,0.135854886,
2,2,42,4,2,3Gr,Pacific,8.0 Constant,Static,Mild,-0.566221236,0.949806272,-0.50581498,35.878,0.31,52.4,16.212,0.01580117,0.007992468,0.479548097,0.048,9.990585355,
2,2,44,1,2,2Or,Olympia,8.0 Constant,Static,Mild,-0.603569177,0.962985737,-0.543162922,36.143,0.96,54.51,17.407,0.016965887,0.009215241,0.552914443,0.129,4.286158473,
2,2,44,2,2,2Bk,Olympia,8.0 Constant,Static,Mild,-0.563903932,0.725826198,-0.503497676,36.107,1.2,56.09,18.783,0.018307018,0.009217541,0.553052448,0.235,2.353414671,
2,2,44,3,76,3Rd,Pacific,7.7 Constant,Static,Mild,-0.124005104,0.673418008,-0.063598848,36.604,0.57,57.06,19.886,0.019382066,0.001232677,0.073960625,0.0915,0.808312844,Very wonky data
2,2,44,4,76,3Or,Pacific,7.7 Constant,Static,Mild,-1.238764551,0.997222904,-1.178358296,36.369,0.5,46.96,10.091,0.009835283,0.011589487,0.695369214,0.0813,8.553126865,
2,3,41,3,79,2Si,Olympia,7.7 Fluctuating 0.5A,Dynamic,Severe,-0.365550746,0.95987616,-0.329566826,36.179,0.52,53.95,17.251,0.01681384,0.005541284,0.332477036,0.0582,5.712663852,Thought these were from jar 76 but actually from 79 -- don't use data
2,3,41,4,79,1Pu,Olympia,7.7 Fluctuating 0.5A,Dynamic,Severe,-0.684429804,0.993696242,-0.648445884,36.137,0.74,55.58,18.703,0.018229045,0.011820549,0.709232946,0.124,5.71962053,Thought these were from jar 76 but actually from 79 -- don't use data
2,3,42,1,20,2Pu,Pacific,7.7 Constant,Static,Mild,-0.180391688,0.991438653,-0.144407768,36.241,0.18,49.67,13.249,0.012913255,0.001864774,0.111886463,0.015,7.459097522,
2,3,42,2,20,2Bl,Pacific,7.7 Constant,Static,Mild,-0.368727515,0.95791712,-0.332743595,36.26,0.19,51.87,15.42,0.01502924,0.005000883,0.300052996,0.037,8.109540434,Unknown ID. Labeled 2Blue by dissectors.
2,3,42,3,20,3Bl,Olympia,7.7 Constant,Static,Mild,-0.266643764,0.974166462,-0.230659844,35.958,0.43,52.58,16.192,0.015781676,0.003640199,0.218411941,0.046,4.748085668,
2,3,42,4,20,2Or,Olympia,7.7 Constant,Static,Mild,-0.476843703,0.985220052,-0.440859783,35.878,0.43,52.26,15.952,0.015547758,0.006854381,0.411262881,0.056,7.343980015,Labeled as 2 Pink by dissectors on data sheet. Assumed to be 2Or since there were 2 2Pinks
2,3,44,1,6,1Wh,Pacific,7.7 Constant,Static,Mild,-0.403609387,0.998246306,-0.367625466,36.143,0.28,54.34,17.917,0.017462963,0.00641983,0.385189794,0.053,7.267731968,
2,3,44,2,6,3Pu,Pacific,7.7 Constant,Static,Mild,-1.262128037,0.989964882,-1.226144116,36.107,0.73,50.84,14.003,0.013648148,0.016734597,1.004075793,0.149,6.738763712,
2,3,44,3,6,3Bl,Olympia,7.7 Constant,Static,Mild,-0.596752849,0.990145862,-0.560768929,36.604,0.63,55.71,18.476,0.018007797,0.010098213,0.605892792,0.087,6.964284961,
2,3,44,4,6,1Rd,Olympia,7.7 Constant,Static,Mild,-1.282863641,0.982074278,-1.246879721,36.369,0.71,48.27,11.191,0.010907407,0.013600225,0.816013507,0.108,7.555680616,Put in 1W microcentrifuge container
2,4,41,3,43,3Pi,Pacific,7.7 Constant,Static,Mild,-0.599413981,0.987720547,-0.380505054,36.179,0.22,52.7,16.301,0.015887914,0.006045432,0.3627259,0.041,8.846973166,
2,4,41,4,43,2Wh,Pacific,7.7 Constant,Static,Mild,-0.587691456,0.991878586,-0.368782529,36.137,0.39,53.93,17.403,0.016961988,0.006255285,0.375317097,0.041,9.154075533,one dot
2,4,42,1,43,2Bl,Olympia,7.7 Constant,Static,Mild,-0.642173146,0.975233423,-0.423264219,36.241,0.59,57.05,20.219,0.019706628,0.00834111,0.500466623,0.097,5.159449719,
2,4,42,2,43,1Pk,Olympia,7.7 Constant,Static,Mild,-0.609478345,0.986915443,-0.390569418,36.26,0.68,52.53,15.59,0.015194932,0.005934676,0.35608054,0.109,3.266793942,
2,4,42,3,61,3Or,Pacific,7.7 Fluctuating 0.5A,Dynamic,Severe,-0.72637009,0.952990408,-0.507461164,35.958,0.34,51.06,14.762,0.014387914,0.007301308,0.438078462,0.0543,8.067743313,
2,4,42,4,61,3Rd,Pacific,7.7 Fluctuating 0.5A,Dynamic,Severe,-0.644700567,0.955039125,-0.425791641,35.878,0.37,50.18,13.932,0.013578947,0.005781802,0.346908137,0.0545,6.365286915,one dot
2,4,44,1,61,2Pu,Olympia,7.7 Fluctuating 0.5A,Dynamic,Severe,-0.744231769,0.972028235,-0.525322842,36.143,0.54,51.98,15.297,0.014909357,0.007832226,0.469933539,0.098,4.795240192,
2,4,44,2,61,3Bl,Olympia,7.7 Fluctuating 0.5A,Dynamic,Severe,-0.714043712,0.935097354,-0.495134786,36.107,0.49,53.78,17.183,0.016747563,0.008292301,0.497538072,0.076,6.546553574,
2,4,44,3,24,2Bk,Pacific,7.7 Fluctuating 0.5A,Dynamic,Severe,-0.900610427,0.977741562,-0.6817015,36.604,0.42,52.09,15.066,0.014684211,0.010010248,0.600614901,0.0748,8.029610973,
2,4,44,4,24,3Pu,Pacific,7.7 Fluctuating 0.5A,Dynamic,Severe,-2.232125203,0.987429628,-2.013216277,36.369,0.39,49.58,12.821,0.012496101,0.025157355,1.50944128,0.0673,22.42854799,
2,5,41,3,24,2Bl,Olympia,7.7 Fluctuating 0.5A,Dynamic,Severe,-0.927009398,0.974772488,-0.685993161,36.179,0.35,50.43,13.901,0.013548733,0.009294338,0.557660288,0.044,12.67409746,
2,5,41,4,24,3Bl,Olympia,7.7 Fluctuating 0.5A,Dynamic,Severe,-0.964891763,0.936845963,-0.723875526,36.137,0.47,51.17,14.563,0.014193957,0.010274658,0.616479491,0.0711,8.670597617,
2,5,42,1,39,3Gr,Pacific,7.7 Fluctuating 0.5A,Dynamic,Severe,-0.525111449,0.945269064,-0.284095212,36.241,0.24,47.87,11.389,0.01110039,0.003153568,0.189214057,0.041,4.614976995,
2,5,42,2,39,3Pu,Pacific,7.7 Fluctuating 0.5A,Dynamic,Severe,-0.297228518,0.891863399,-0.056212281,36.26,0.41,51.9,15.23,0.014844055,0.000834418,0.05006509,0.071,0.70514211,
2,5,42,3,39,3Pi,Olympia,7.7 Fluctuating 0.5A,Dynamic,Severe,-0.217333559,0.876965873,0.023682678,35.958,0.84,54.35,17.552,0.017107212,-0.000405145,-0.024308676,0.116,-0.209557551,
2,5,42,4,39,3Pu,Olympia,7.7 Fluctuating 0.5A,Dynamic,Severe,-0.423503622,0.985536744,-0.182487385,35.878,0.58,54.43,17.972,0.017516569,0.003196553,0.191793174,0.084,2.283252075,
2,5,44,1,71,2Rd,Pacific,7.7 Fluctuating 0.5A,Dynamic,Severe,-0.277901209,0.925144301,-0.036884972,36.143,0.24,49.18,12.797,0.01247271,0.000460056,0.027603333,0.035,0.788666648,
2,5,44,2,71,1Gr,Pacific,7.7 Fluctuating 0.5A,Dynamic,Severe,-0.533561351,0.983156074,-0.292545114,36.107,0.16,48.82,12.553,0.012234893,0.003579258,0.214755487,0.033,6.507742017,
2,5,44,3,71,3Rd,Olympia,7.7 Fluctuating 0.5A,Dynamic,Severe,-0.879943732,0.992308254,-0.638927495,36.604,0.62,48.75,11.526,0.011233918,0.007177659,0.43065955,0.048,8.972073965,
2,5,44,4,71,2Or,Olympia,7.7 Fluctuating 0.5A,Dynamic,Severe,-0.721744953,0.696719554,-0.480728716,36.369,0.55,50.6,13.681,0.013334308,0.006410185,0.384611085,0.08,4.807638566,
2,6,41,3,17,3Pu,Pacific,7.7 Fluctuating 0.5A,Dynamic,Severe,-0.580836306,0.939660216,-0.362869282,36.179,0.34,50.12,13.601,0.013256335,0.004810317,0.288619012,0.0643,4.488631605,Cut off first 2 minutes of all channels -- still messing with temperature/pressure settings
2,6,41,4,17,3Bl,Pacific,7.7 Fluctuating 0.5A,Dynamic,Severe,-1.301636015,0.987856909,-1.083668991,36.137,0.33,49.62,13.153,0.012819688,0.013892298,0.833537909,0.0493,16.90746265,
2,6,42,1,17,3Bl,Olympia,7.7 Fluctuating 0.5A,Dynamic,Severe,-1.012219749,0.994048263,-0.794252725,36.241,0.91,53.63,16.479,0.016061404,0.012756814,0.76540881,0.1374,5.570660919,
2,6,42,2,17,2Bl,Olympia,7.7 Fluctuating 0.5A,Dynamic,Severe,-0.523137429,0.990262343,-0.305170405,36.26,0.61,51.89,15.02,0.014639376,0.004467504,0.268050262,0.0875,3.063431565,
2,6,42,3,52,2Wh,Pacific,7.7 Fluctuating 0.2A,Dynamic,Severe,-0.744750561,0.986560162,-0.526783537,35.958,0.38,53.41,17.072,0.016639376,0.008765349,0.525920968,0.0564,9.324839855,
2,6,42,4,52,3Or,Pacific,7.7 Fluctuating 0.2A,Dynamic,Severe,-0.605355486,0.968747016,-0.387388462,35.878,0.35,49.86,13.632,0.01328655,0.005147056,0.308823363,0.0428,7.215499145,3Purple bag/vial
2,6,44,1,52,2Si,Olympia,7.7 Fluctuating 0.2A,Dynamic,Severe,-0.255011266,0.971132461,-0.037044242,36.143,0.49,51.43,14.797,0.014422027,0.000534253,0.032055184,0.0648,0.494678762,Labeled as 2 Black by dissectors
2,6,44,2,52,2Gr,Olympia,7.7 Fluctuating 0.2A,Dynamic,Severe,-0.780425662,0.989433725,-0.562458638,36.107,0.79,52.93,16.033,0.015626706,0.008789376,0.527362535,0.1131,4.662798716,
2,6,44,3,55,3Or,Pacific,7.7 Fluctuating 0.2A,Dynamic,Severe,-0.809851505,0.994865481,-0.591884481,36.604,0.5,53.15,16.046,0.015639376,0.009256704,0.555402245,0.0723,7.681912098,Labeled as 3Or on respirometry data sheets. Labeled as 3 Red by dissectors.
2,6,44,4,55,2Pu,Pacific,7.7 Fluctuating 0.2A,Dynamic,Severe,-2.336062342,0.966876351,-2.118095318,36.369,0.45,48.07,11.251,0.010965887,0.023226794,1.393607627,0.094,14.82561306,Labeled as 3 Purple by dissectors
2,7,41,3,55,3Pi,Olympia,7.7 Fluctuating 0.2A,Dynamic,Severe,-1.436402,0.973105709,-1.211478955,36.179,0.62,49.6,12.801,0.012476608,0.015115148,0.906908895,0.075,12.0921186,
2,7,41,4,55,2Gr,Olympia,7.7 Fluctuating 0.2A,Dynamic,Severe,-0.936105005,0.981585138,-0.71118196,36.137,0.59,50.63,13.903,0.013550682,0.009637001,0.578220046,0.078,7.413077514,
2,7,42,1,42,2Or,Pacific,7.7 Fluctuating 0.2A,Dynamic,Severe,-0.397097751,0.949722943,-0.172174706,36.241,0.22,47.82,11.359,0.01107115,0.001906172,0.114370321,0.035,3.267723459,Probably dead?
2,7,42,2,42,3Gr,Pacific,7.7 Fluctuating 0.2A,Dynamic,Severe,-0.890086458,0.975778196,-0.665163413,36.26,0.37,47.06,10.43,0.010165692,0.006761846,0.405710784,0.056,7.24483542,
2,7,42,3,42,3Pi,Olympia,7.7 Fluctuating 0.2A,Dynamic,Severe,-1.035028439,0.975762968,-0.810105394,35.958,0.8,48.94,12.182,0.011873294,0.00961862,0.577117188,0.091,6.341947117,Labeled as 2 pink by dissectors
2,7,42,4,42,2Rd,Olympia,7.7 Fluctuating 0.2A,Dynamic,Severe,-1.263370663,0.988177106,-1.038447618,35.878,0.69,49.56,12.992,0.012662768,0.013149621,0.788977278,0.116,6.801528259,
2,7,44,1,28,2Rd,Pacific,8.0 Fluctuating 0.2A,Dynamic,Mild,-0.847350348,0.988185908,-0.622427303,36.143,0.31,47.44,10.987,0.010708577,0.006665311,0.399918642,0.049,8.161604937,
2,7,44,2,3,2Bl,Pacific,8.0 Fluctuating 0.2A,Dynamic,Mild,-1.349315296,0.987143489,-1.124392251,36.107,0.71,52.21,15.393,0.015002924,0.016869171,1.012150288,0.135,7.497409538,
2,7,44,3,28,2Bk,Olympia,8.0 Fluctuating 0.2A,Dynamic,Mild,-0.803574965,0.98870472,-0.57865192,36.604,0.5,50.31,13.206,0.012871345,0.007448029,0.446881711,0.053,8.431730393,
2,7,44,4,28,3Gr,Olympia,8.0 Fluctuating 0.2A,Dynamic,Mild,-1.106962187,0.959619966,-0.882039142,36.369,0.57,49.16,12.221,0.011911306,0.010506238,0.63037429,0.088,7.163344204,
2,8,41,3,3,1Pk,Pacific,8.0 Fluctuating 0.2A,Dynamic,Mild,-1.124817768,0.967658546,-0.935655905,36.179,0.47,48.93,12.281,0.011969786,0.011199601,0.671976033,0.089,7.550292508,
2,8,41,4,3,2Bk,Olympia,8.0 Fluctuating 0.2A,Dynamic,Mild,-1.175334882,0.979087909,-0.986173018,36.137,0.95,51.01,13.923,0.013570175,0.013382541,0.802952452,0.159,5.050015422,
2,8,42,1,3,3Gr,Olympia,8.0 Fluctuating 0.2A,Dynamic,Mild,-0.668933004,0.978845927,-0.479771141,36.241,1.02,51.27,14.009,0.013653996,0.006550793,0.393047597,0.089,4.416265135,
2,8,42,2,5,1Rd,Pacific,8.0 Fluctuating 0.2A,Dynamic,Mild,-0.75778522,0.989238141,-0.568623356,36.26,0.47,52.98,16.25,0.015838207,0.009005974,0.540358453,0.092,5.873461442,Labeled as 2Red by respirometer. Labeled as 1 Red by dissectors. Changed to 1Red during QAQC based on photos
2,8,42,3,5,2Pu,Pacific,8.0 Fluctuating 0.2A,Dynamic,Mild,-0.575790725,0.981371676,-0.386628861,35.958,0.28,49.89,13.652,0.013306043,0.0051445,0.308670012,0.052,5.935961778,
2,8,42,4,5,3Pi,Olympia,8.0 Fluctuating 0.2A,Dynamic,Mild,-1.091581633,0.993868354,-0.90241977,35.878,0.89,51.32,14.552,0.014183236,0.012799232,0.767953947,0.156,4.92278171,5 - Oly 3 green was dead
2,8,44,1,69,3Pu,Olympia,8.0 Fluctuating 0.2A,Dynamic,Mild,-0.293694006,0.975816828,-0.104532143,36.143,0.68,51.63,14.807,0.014431774,0.001508584,0.090515055,0.073,1.239932258,
2,8,44,2,69,2Wh,Pacific,8.0 Fluctuating 0.2A,Dynamic,Mild,-0.437708823,0.986241396,-0.248546959,36.107,0.25,50.73,14.373,0.014008772,0.003481838,0.20891026,0.04,5.222756495,
2,8,44,3,69,2Bl,Pacific,8.0 Fluctuating 0.2A,Dynamic,Mild,-0.33164181,0.974402299,-0.142479946,36.604,0.3,52.31,15.406,0.015015595,0.002139421,0.128365266,0.057,2.252022216,Labeled as 2 blue by dissectors. Confirmed 2Blue by looking at photos.
2,8,44,4,69,2Gr,Olympia,8.0 Fluctuating 0.2A,Dynamic,Mild,-3.232905067,0.984254383,-3.043743204,36.369,0.89,52.53,15.271,0.014884016,0.045303121,2.718187279,0.104,26.13641614,
4,1,41,3,78,2Or,Pacific,8.0 Constant,Static,Mild,-0.423173235,0.972764924,-0.378666505,35.922,0.26,47.23,11.048,0.010768031,0.004077493,0.244649564,0.034,7.195575407,
4,1,41,4,78,3Si,Pacific,8.0 Constant,Static,Mild,-0.277462808,0.913038441,-0.232956078,36.038,0.4,53.53,17.092,0.016658869,0.003880785,0.232847093,0.069,3.374595544,
4,1,42,1,78,3Rd,Olympia,8.0 Constant,Static,Mild,-1.750603537,0.987028027,-1.706096806,35.911,1.01,47.25,10.329,0.010067251,0.017175706,1.030542334,0.146,7.058509138,
4,1,42,2,78,3Si,Olympia,8.0 Constant,Static,Mild,-0.182794029,0.963014132,-0.138287298,40.223,0.78,56.95,15.947,0.015542885,0.002149384,0.128963015,0.089,1.449022636,
4,1,42,3,40,2Gr,Pacific,8.0 Constant,Static,Mild,-0.120597793,0.930035347,-0.076091063,35.677,0.35,52.34,16.313,0.01589961,0.001209818,0.072589094,NA,NA,
4,1,42,4,40,2Wh,Pacific,8.0 Constant,Static,Mild,-0.492087579,0.977785211,-0.447580848,35.56,0.33,51.8,15.91,0.015506823,0.006940557,0.416433409,0.052,8.008334793,
4,1,44,1,40,3Pi,Olympia,8.0 Constant,Static,Mild,-0.122013058,0.982557429,-0.077506328,35.945,0.61,54.73,18.175,0.017714425,0.00137298,0.082378802,0.077,1.069854571,
4,1,44,2,40,3Bl,Olympia,8.0 Constant,Static,Mild,-0.629367593,0.986691833,-0.584860862,35.803,0.82,53.52,16.897,0.016468811,0.009631963,0.577917777,0.114,5.069454188,
4,1,44,3,46,3Pi,Pacific,8.0 Constant,Static,Mild,-0.323253992,0.98329428,-0.278747262,35.897,0.49,57.74,21.353,0.020811891,0.005801258,0.348075455,0.089,3.910960172,
4,1,44,4,46,2Gr,Pacific,8.0 Constant,Static,Mild,-0.473166601,0.982768456,-0.42865987,35.989,0.33,53.09,16.771,0.016346004,0.007006876,0.420412555,0.022,19.10966157,
4,2,41,3,46,2Pi,Olympia,8.0 Constant,Static,Mild,-1.048002168,0.983035056,-0.977193597,35.922,1,52.43,15.508,0.01511501,0.014770291,0.886217445,0.12,7.385145372,
4,2,41,4,46,2Gr,Olympia,8.0 Constant,Static,Mild,-0.944639939,0.997611075,-0.873831368,36.038,1.54,55.28,17.702,0.017253411,0.015076572,0.90459432,0.251,3.603961436,
4,2,42,1,31,3Pi,Pacific,8.0 Constant,Static,Mild,-0.763677259,0.973402208,-0.692868688,35.911,0.32,50.76,14.529,0.014160819,0.009811588,0.588695273,0.038,15.49198087,
4,2,42,2,31,2Or,Pacific,8.0 Constant,Static,Mild,-0.617092118,0.952689021,-0.546283547,40.223,0.37,55.02,14.427,0.014061404,0.007681513,0.460890803,0.041,11.2412391,
4,2,42,3,31,2Or,Olympia,8.0 Constant,Static,Mild,-0.254331231,0.948861915,-0.18352266,35.677,0.25,54.47,18.543,0.018073099,0.003316823,0.199009397,0.029,6.862393009,
4,2,42,4,31,2Rd,Olympia,8.0 Constant,Static,Mild,-0.90857374,0.944995021,-0.837765169,43.42,0.41,57.33,13.5,0.013157895,0.011023226,0.661393555,0.045,14.69763455,
4,2,44,1,44,3Gr,Pacific,7.7 Constant,Static,Mild,-1.497344206,0.993785328,-1.426535635,35.945,0.83,49.17,12.395,0.012080897,0.01723383,1.034029778,0.139,7.439063149,
4,2,44,2,44,3Bl,Pacific,7.7 Constant,Static,Mild,-0.746618981,0.980735829,-0.67581041,35.803,0.33,50.93,14.797,0.014422027,0.009746556,0.584793371,0.051,11.46653668,
4,2,44,3,44,3Bl,Olympia,7.7 Constant,Static,Mild,-1.258973254,0.991405367,-1.188164683,35.897,0.84,53.56,16.823,0.016396686,0.019481963,1.168917805,0.14,8.349412892,
4,2,44,4,44,2Or,Olympia,7.7 Constant,Static,Mild,-0.87611123,0.96280523,-0.80530266,35.989,1.22,52.43,15.221,0.014835283,0.011946893,0.716813554,0.198,3.620270477,
4,3,41,3,59,3Rd,Pacific,7.7 Constant,Static,Mild,-0.125428266,0.966954483,-0.066970994,35.922,0.36,50.73,14.448,0.014081871,0.000943077,0.056584616,NA,NA,
4,3,41,4,59,3Or,Pacific,7.7 Constant,Static,Mild,-0.150918347,0.993042886,-0.092461076,36.038,0.43,51.04,14.572,0.014202729,0.0013132,0.078791977,NA,NA,
4,3,42,1,59,3Rd,Olympia,7.7 Constant,Static,Mild,-0.99652478,0.967729823,-0.938067508,35.911,0.79,52.86,16.159,0.015749513,0.014774106,0.886446367,0.0832,10.65440344,
4,3,42,2,59,3Or,Olympia,7.7 Constant,Static,Mild,-0.44194658,0.985994665,-0.383489308,40.223,0.55,54.28,13.507,0.013164717,0.005048528,0.302911701,0.041,7.38809027,
4,3,42,3,75,3Si,Pacific,7.7 Constant,Static,Mild,-0.733177672,0.983258388,-0.674720401,35.677,0.84,55.36,18.843,0.018365497,0.012391576,0.743494533,0.0937,7.934840267,
4,3,42,4,75,3Gr,Pacific,7.7 Constant,Static,Mild,-0.49748919,0.987883817,-0.439031919,43.42,0.26,57.89,14.21,0.013849903,0.006080549,0.364832957,0.0317,11.50892609,
4,3,44,1,75,3Or,Olympia,7.7 Constant,Static,Mild,-0.664343531,0.995406187,-0.605886259,35.945,0.71,50.25,13.595,0.013250487,0.008028288,0.481697292,0.11,4.379066291,
4,3,44,2,75,3Pu,Olympia,7.7 Constant,Static,Mild,-0.152909915,0.987909183,-0.094452644,35.803,1.09,51.93,15.037,0.014655945,0.001384293,0.083057567,0.128,0.648887245,
4,3,44,3,32,3Bl,Pacific,7.7 Constant,Static,Mild,-0.443889747,0.98494266,-0.385432475,35.897,0.69,53.13,16.543,0.016123782,0.006214629,0.372877745,0.1138,3.276605842,
4,3,44,4,32,2Rd,Pacific,7.7 Constant,Static,Mild,-0.668416894,0.990350679,-0.609959622,35.989,0.45,49.84,13.401,0.013061404,0.007966929,0.478015725,0.0661,7.231705371,
4,4,41,3,59,3Bl,Pacific,7.7 Constant,Static,Mild,-0.813544659,0.989773374,-0.755241408,35.922,0.43,50.88,14.528,0.014159844,0.010694101,0.641646033,0.0642,9.9944865,
4,4,41,4,59,2Wh,Pacific,7.7 Constant,Static,Mild,-0.616090116,0.993794978,-0.557786865,36.038,0.33,50.57,14.202,0.013842105,0.007720944,0.46325667,0.045,10.29459266,
4,4,42,1,32,3Pi,Olympia,7.7 Constant,Static,Mild,-0.439728055,0.511595462,-0.381424803,35.911,0.87,54.79,18.009,0.017552632,0.006695009,0.401700543,0.1386,2.898272313,
4,4,42,2,32,2Wh,Olympia,7.7 Constant,Static,Mild,-0.544644515,0.911309514,-0.486341264,40.223,0.66,56.33,15.447,0.015055556,0.007322138,0.439328275,0.0841,5.223879604,
4,4,42,3,19,3Pi,Pacific,7.7 Fluctuating 0.5A,Dynamic,Severe,-0.746413723,0.986680565,-0.688110472,35.677,0.43,51.22,15.113,0.014730019,0.010135881,0.60815284,0.068,8.943424111,
4,4,42,4,19,3Bl,Pacific,7.7 Fluctuating 0.5A,Dynamic,Severe,-0.939967976,0.989722201,-0.881664725,43.42,0.51,59.48,15.55,0.015155945,0.013362462,0.801747747,0.057,14.06574994,
4,4,44,1,19,2Or,Olympia,7.7 Fluctuating 0.5A,Dynamic,Severe,-1.12600084,0.984499687,-1.067697588,35.945,0.82,51.21,14.445,0.014078947,0.015032058,0.901923489,0.147,6.135533938,
4,4,44,2,19,2Gr,Olympia,7.7 Fluctuating 0.5A,Dynamic,Severe,-0.750435394,0.993003945,-0.692132142,35.803,0.6,47.38,10.977,0.01069883,0.007405004,0.444300265,0.078,5.696157241,
4,4,44,3,62,3Or,Pacific,7.7 Fluctuating 0.5A,Dynamic,Severe,-0.073365426,0.900400619,-0.015062175,35.897,0.49,50.09,13.703,0.01335575,0.000201167,0.012069999,0.0717,0.168340291,
4,4,44,4,62,3Bl,Pacific,7.7 Fluctuating 0.5A,Dynamic,Severe,-0.403332231,0.965444196,-0.345028979,35.989,0.5,52.52,16.031,0.015624756,0.005390994,0.323459623,0.0762,4.244876949,
4,5,41,3,59,3Bl,Olympia,7.7 Constant,Static,Mild,-0.968809169,0.983963459,-0.911289873,35.922,0.82,50.63,13.888,0.013536062,0.012335277,0.740116594,0.0903,8.196197057,
4,5,41,4,59,2Or,Olympia,7.7 Constant,Static,Mild,-0.969564285,0.94686044,-0.912044989,36.038,1.26,57.07,19.772,0.019270955,0.017575978,1.054558686,0.1668,6.322294279,
4,5,42,1,62,2Si,Olympia,7.7 Fluctuating 0.5A,Dynamic,Severe,-0.893533338,0.91808368,-0.836014042,35.911,0.7,49.92,13.309,0.012971735,0.010844553,0.650673151,0.095,6.849191067,
4,5,42,2,62,2Gr,Olympia,7.7 Fluctuating 0.5A,Dynamic,Severe,-0.064606035,0.823993488,-0.00708674,40.223,0.63,54.67,13.817,0.013466862,9.54361E-05,0.005726168,0.082,0.069831322,
4,5,42,3,56,3Gr,Pacific,7.7 Fluctuating 0.5A,Dynamic,Severe,-1.021673534,0.981249141,-0.964154238,35.677,0.65,51.67,15.343,0.014954191,0.014418147,0.865088799,0.106,8.161215089,
4,5,42,4,56,2Wh,Pacific,7.7 Fluctuating 0.5A,Dynamic,Severe,-0.083649644,0.880777295,-0.026130348,43.42,0.47,59.48,15.59,0.015194932,0.000397049,0.023822932,0.076,0.313459625,
4,5,44,1,56,2Or,Olympia,7.7 Fluctuating 0.5A,Dynamic,Severe,-0.262748174,0.937020684,-0.205228878,35.945,0.44,49.76,13.375,0.013036062,0.002675376,0.160522587,0.062,2.589073991,
4,5,44,2,56,2Rd,Olympia,7.7 Fluctuating 0.5A,Dynamic,Severe,-0.445303005,0.976279925,-0.387783709,35.803,0.53,49.57,13.237,0.012901559,0.005003015,0.300180875,0.054,5.558905087,
4,5,44,3,45,3Bl,Pacific,7.7 Fluctuating 0.5A,Dynamic,Severe,-0.832420275,0.994437195,-0.77490098,35.897,0.61,51.38,14.873,0.014496101,0.011233043,0.673982589,0.0971,6.94111832,
4,5,44,4,45,3Gr,Pacific,7.7 Fluctuating 0.5A,Dynamic,Severe,-0.717246581,0.987928706,-0.659727285,35.989,0.51,49.51,13.011,0.012681287,0.008366191,0.501971445,0.0826,6.077136136,
4,6,41,3,45,2Wh,Olympia,7.7 Fluctuating 0.2A,Dynamic,Severe,-0.705404782,0.993777798,-0.639103027,35.922,0.68,48.87,12.268,0.011957115,0.007641828,0.458509704,0.0954,4.806181385,
4,6,41,4,45,2Rd,Olympia,7.7 Fluctuating 0.2A,Dynamic,Severe,-0.69773996,0.996831515,-0.631438205,36.038,0.6,46.2,9.562,0.009319688,0.005884807,0.353088428,0.073,4.836827782,
4,6,42,1,10,2Or,Pacific,7.7 Fluctuating 0.2A,Dynamic,Severe,-0.607003061,0.968950085,-0.540701307,35.911,0.25,48.6,12.439,0.012123782,0.006555345,0.393320676,0.024,16.38836149,
4,6,42,2,10,3Gr,Pacific,7.7 Fluctuating 0.2A,Dynamic,Severe,-0.842015049,0.997344562,-0.775713294,40.223,0.74,54.87,13.907,0.013554581,0.010514469,0.630868116,0.085,7.421977837,
4,6,42,3,10,2Pu,Olympia,7.7 Fluctuating 0.2A,Dynamic,Severe,-0.344121631,0.946145358,-0.277819877,35.677,0.57,50.45,14.203,0.01384308,0.003845883,0.230752965,0.076,3.036223229,
4,6,42,4,10,3Bl,Olympia,7.7 Fluctuating 0.2A,Dynamic,Severe,-1.211067607,0.973115852,-1.144765852,43.42,0.87,58.85,14.56,0.014191033,0.01624541,0.974724609,0.117,8.33097956,
4,6,44,1,8,3Bl,Pacific,7.7 Fluctuating 0.2A,Dynamic,Severe,-0.780506259,0.947267976,-0.714204505,35.945,0.85,50.92,14.125,0.013767057,0.009832494,0.589949628,0.117,5.042304509,
4,6,44,2,8,3Pk,Pacific,7.7 Fluctuating 0.2A,Dynamic,Severe,-0.470047686,0.985893574,-0.403745931,35.803,0.41,53.94,17.727,0.017277778,0.006975832,0.418549949,0.055,7.609999066,
4,6,44,3,8,2Wh,Olympia,7.7 Fluctuating 0.2A,Dynamic,Severe,-0.362712003,0.994375681,-0.296410248,35.897,0.73,55.35,18.723,0.018248538,0.005409054,0.324543221,0.0814,3.987017454,
4,6,44,4,8,3Bl,Olympia,7.7 Fluctuating 0.2A,Dynamic,Severe,-0.605242882,0.984691759,-0.538941128,35.989,0.71,51.05,14.351,0.013987329,0.007538347,0.452300826,0.0745,6.071152025,
4,7,41,3,83,3Si,Pacific,7.7 Fluctuating 0.2A,Dynamic,Severe,-1.200846507,0.96626819,-1.111255417,35.922,0.77,51.21,14.518,0.014150097,0.015724372,0.943462347,0.1043,9.045660089,
4,7,41,4,83,3Bl,Pacific,7.7 Fluctuating 0.2A,Dynamic,Severe,-0.681479404,0.993977243,-0.591888313,36.038,0.52,52.91,16.352,0.015937622,0.009433292,0.565997526,0.0696,8.132148368,
4,7,42,1,83,3Gr,Olympia,7.7 Fluctuating 0.2A,Dynamic,Severe,-0.602107972,0.992373428,-0.512516882,35.911,0.8,53.16,16.449,0.016032164,0.008216755,0.493005274,0.125,3.944042193,
4,7,42,2,83,2Gr,Olympia,7.7 Fluctuating 0.2A,Dynamic,Severe,-0.539405749,0.962397997,-0.449814658,40.223,0.76,57.89,16.907,0.016478558,0.007412297,0.444737803,0.101,4.403344583,
4,7,42,3,13,3Pi,Pacific,7.7 Fluctuating 0.2A,Dynamic,Severe,-0.782473312,0.963473328,-0.692882221,35.677,0.48,53.27,17.113,0.016679337,0.011556816,0.693408974,0.074,9.370391538,
4,7,42,4,13,3Bl,Pacific,7.7 Fluctuating 0.2A,Dynamic,Severe,-1.046648477,0.985032513,-0.957057386,43.42,0.58,59.78,15.78,0.015380117,0.014719655,0.883179272,0.103,8.574556043,
4,7,44,1,13,3Pi,Olympia,7.7 Fluctuating 0.2A,Dynamic,Severe,-1.069794191,0.985071368,-0.9802031,35.945,0.94,52.01,15.125,0.014741715,0.014449875,0.866992508,0.124,6.991875066,
4,7,44,2,13,3Gr,Olympia,7.7 Fluctuating 0.2A,Dynamic,Severe,-0.782440823,0.996087117,-0.692849733,35.803,0.66,51.3,14.837,0.014461014,0.010019309,0.601158566,0.0675,8.906052835,
4,7,44,3,4,2Rd,Pacific,8.0 Fluctuating 0.2A,Dynamic,Mild,-0.521791855,0.986470893,-0.432200764,37.937,0.48,57.41,18.993,0.018511696,0.008000769,0.480046147,0.069,6.957190535,
4,7,44,4,4,2Bl,Pacific,8.0 Fluctuating 0.2A,Dynamic,Mild,-0.45534223,0.964487853,-0.365751139,35.989,0.42,53.34,16.931,0.016501949,0.006035607,0.362136406,0.06,6.03560676,
4,8,41,3,4,2Wh,Olympia,8.0 Fluctuating 0.2A,Dynamic,Mild,-0.742991937,0.986030811,-0.622174308,35.922,0.84,51.47,14.708,0.014335283,0.008919045,0.535142673,0.131,4.085058576,
4,8,41,4,4,3Pi,Olympia,8.0 Fluctuating 0.2A,Dynamic,Mild,-1.039435407,0.931446319,-0.918617778,36.038,0.76,51.19,14.392,0.01402729,0.012885718,0.773143103,0.113,6.84197436,
4,8,42,1,23,3Pi,Pacific,8.0 Fluctuating 0.2A,Dynamic,Mild,-0.342413136,0.988419704,-0.221595507,35.911,0.25,52.84,16.679,0.016256335,0.003602331,0.216139852,NA,NA,
4,8,42,2,23,3Pu,Pacific,8.0 Fluctuating 0.2A,Dynamic,Mild,-1.036771478,0.99769256,-0.915953849,40.223,0.5,55.15,14.427,0.014061404,0.012879597,0.7727758,0.075,10.30367733,
4,8,42,3,23,3Bl,Olympia,8.0 Fluctuating 0.2A,Dynamic,Mild,-0.580217769,0.988281112,-0.45940014,35.677,0.72,54.32,17.923,0.017468811,0.008025174,0.481510451,0.086,5.598958729,
4,8,42,4,23,2Rd,Olympia,8.0 Fluctuating 0.2A,Dynamic,Mild,-0.669075118,0.972870862,-0.548257489,43.42,1.03,66.17,21.72,0.021169591,0.011606387,0.696383196,0.166,4.195079496,
4,8,44,1,80,2Wh,Pacific,8.0 Fluctuating 0.2A,Dynamic,Mild,-0.546609146,0.990964962,-0.425791517,35.945,0.46,52.07,15.665,0.015268031,0.006500998,0.39005989,0.073,5.343286158,
4,8,44,2,80,3Bl,Pacific,8.0 Fluctuating 0.2A,Dynamic,Mild,-0.527227657,0.983966153,-0.406410027,35.803,0.43,52.22,15.987,0.015581871,0.006332629,0.379957726,0.057,6.665925011,
4,8,44,3,80,1Gr,Olympia,8.0 Fluctuating 0.2A,Dynamic,Mild,-0.511457309,0.97504062,-0.39063968,37.937,0.78,60.22,21.503,0.02095809,0.008187061,0.491223687,0.09,5.458040963,
4,8,44,4,80,3Gr,Olympia,8.0 Fluctuating 0.2A,Dynamic,Mild,-0.530845207,0.982231148,-0.410027578,35.989,0.55,54.06,17.521,0.017076998,0.00700204,0.420122409,0.065,6.463421678,
4,9,41,3,7,3Pu,Pacific,8.0 Fluctuating 0.2A,Dynamic,Mild,-0.596723959,0.991788589,-0.574517569,35.922,0.37,51.84,15.548,0.015153996,0.008706237,0.52237422,0.055,9.497713084,
4,9,41,4,7,3Pi,Pacific,8.0 Fluctuating 0.2A,Dynamic,Mild,-0.988174086,0.996768071,-0.965967695,36.038,0.53,49.48,12.912,0.012584795,0.012156506,0.729390344,0.094,7.759471744,
4,9,42,1,7,3Pu,Olympia,8.0 Fluctuating 0.2A,Dynamic,Mild,-1.05054367,0.939984385,-1.028337279,35.911,0.95,52.35,15.489,0.015096491,0.015524285,0.931457083,0.127,7.334307737,
6,1,41,3,67,2Bl,Pacific,8.0 Constant,Static,Mild,-0.905316921,0.958250378,-0.83197397,35.922,0.77,52.87,16.178,0.015768031,0.013118592,0.78711549,0.105,7.496338004,
6,1,41,4,67,1Wh,Pacific,8.0 Constant,Static,Mild,-0.478894261,0.954645756,-0.40555131,36.038,0.52,55.21,18.652,0.018179337,0.007372654,0.442359242,0.091,4.861090568,
6,1,42,1,67,2Bl,Olympia,8.0 Constant,Static,Mild,-0.490022626,0.9770286,-0.416679675,35.911,0.66,55.43,18.859,0.018381092,0.007659027,0.459541637,0.071,6.472417421,
6,1,42,2,67,3Rd,Olympia,8.0 Constant,Static,Mild,-0.329694241,0.994200057,-0.25635129,40.223,0.57,57.39,16.597,0.016176413,0.004146844,0.248810664,0.059,4.217129906,
6,1,42,3,36,3Gr,Pacific,8.0 Constant,Static,Mild,-0.591943308,0.884423187,-0.518600357,35.677,0.59,53.34,17.073,0.016640351,0.008629692,0.517781514,0.097,5.337953755,
6,1,42,4,36,2Or,Pacific,8.0 Constant,Static,Mild,-0.683726125,0.972072942,-0.610383174,35.56,0.56,56.82,20.7,0.020175439,0.012314748,0.738884895,0.065,11.36745992,
6,1,44,1,36,3Pu,Olympia,8.0 Constant,Static,Mild,-0.160715302,0.954603127,-0.087372351,39.205,0.83,54.31,14.275,0.013913255,0.001215634,0.07293803,0.099,0.736747778,
6,1,44,2,36,3Bl,Olympia,8.0 Constant,Static,Mild,-0.509471684,0.995085642,-0.436128734,45.733,0.43,62.46,16.297,0.015884016,0.006927476,0.415648537,0.06,6.927475609,
6,1,44,3,50,3Si,Pacific,8.0 Constant,Static,Mild,-0.665564483,0.99444407,-0.592221533,35.897,0.55,57.47,21.023,0.020490253,0.012134769,0.728086157,0.099,7.354405623,
6,1,44,4,50,3Or,Pacific,8.0 Constant,Static,Mild,-0.662879479,0.948294216,-0.589536529,47.339,0.41,63.04,15.291,0.014903509,0.008786163,0.52716977,0.058,9.089133959,
6,2,41,3,50,2Pu,Olympia,8.0 Constant,Static,Mild,-0.730358689,0.977685602,-0.680584714,35.922,0.77,52.18,15.488,0.015095517,0.010273778,0.616426669,0.117,5.268604013,
6,2,41,4,50,2Bk,Olympia,8.0 Constant,Static,Mild,-0.380410253,0.947460242,-0.330636278,36.038,0.81,55.05,18.202,0.017740741,0.005865732,0.351943949,0.108,3.258740267,
6,2,42,1,66,3Gr,Pacific,8.0 Constant,Static,Mild,-0.420651419,0.997465907,-0.370877444,35.911,0.31,51.27,15.049,0.014667641,0.005439897,0.32639384,0.044,7.41804181,
6,2,42,2,66,3Or,Pacific,8.0 Constant,Static,Mild,-0.588111335,0.928706597,-0.53833736,40.223,0.46,55.97,15.287,0.01489961,0.008021017,0.481261007,0.049,9.821653203,
6,2,42,3,66,3Gr,Olympia,8.0 Constant,Static,Mild,-0.870975617,0.971272839,-0.821201642,35.677,1.33,55.28,18.273,0.017809942,0.014625553,0.877533193,0.163,5.383639224,
6,2,42,4,66,3Or,Olympia,8.0 Constant,Static,Mild,-0.595961193,0.900683065,-0.546187218,35.56,0.83,60.39,24,0.023391813,0.012776309,0.766578552,0.134,5.720735462,
6,2,44,1,9,3Bl,Pacific,7.7 Constant,Static,Mild,-0.362245534,0.97211096,-0.312471559,39.205,0.28,54.96,15.475,0.015082846,0.00471296,0.282777624,0.044,6.426764192,
6,2,44,2,9,1Bk,Pacific,7.7 Constant,Static,Mild,-0.773892489,0.988200698,-0.724118514,45.733,0.58,63.03,16.717,0.016293372,0.011798333,0.707899953,0.079,8.960758894,
6,2,44,3,9,3Pi,Olympia,7.7 Constant,Static,Mild,-0.438819621,0.991694039,-0.389045646,35.897,0.56,56.06,19.603,0.019106238,0.007433199,0.445991918,0.074,6.026917812,
6,2,44,4,9,3Gr,Olympia,7.7 Constant,Static,Mild,-0.533444885,0.9871971,-0.48367091,47.339,0.63,62.95,14.981,0.014601365,0.007062255,0.423735316,0.077,5.50305605,
6,3,41,3,27,3Pu,Pacific,7.7 Constant,Static,Mild,-0.36216127,0.993548479,-0.322125773,39.092,0.45,56.99,17.448,0.017005848,0.005478022,0.328681315,0.069,4.763497316,
6,3,41,4,27,2Rd,Pacific,7.7 Constant,Static,Mild,-0.263430575,0.984640246,-0.223395077,39.068,0.26,58.56,19.232,0.018744639,0.00418746,0.25124761,0.041,6.127990486,
6,3,42,1,27,2Or,Olympia,7.7 Constant,Static,Mild,-0.299156488,0.924579878,-0.259120991,38.981,0.78,59.49,19.729,0.019229045,0.004982649,0.298958949,0.096,3.114155716,
6,3,42,2,27,2Bk,Olympia,7.7 Constant,Static,Mild,-0.204830659,0.90171304,-0.164795162,43.673,0.88,61.77,17.217,0.016780702,0.002765378,0.165922707,0.085,1.952031853,
6,3,42,3,30,3Gr,Pacific,7.7 Constant,Static,Mild,-0.45980157,0.988239561,-0.419766073,38.697,0.43,57.76,18.633,0.018160819,0.007623296,0.457397733,0.058,7.886167809,
6,3,42,4,30,3Pu,Pacific,7.7 Constant,Static,Mild,-0.878096755,0.957716359,-0.838061258,46.9,0.73,68.83,21.2,0.020662768,0.017316665,1.038999922,0.121,8.586776219,
6,3,44,1,30,2Pu,Olympia,7.7 Constant,Static,Mild,-0.634025383,0.940104585,-0.593989886,42.415,0.4,57.48,14.665,0.014293372,0.008490119,0.509407116,0.019,26.81090083,
6,3,44,2,30,2Gr,Olympia,7.7 Constant,Static,Mild,-0.732375806,0.986796226,-0.692340309,49.223,0.62,70,20.157,0.019646199,0.013601855,0.816111322,0.076,10.73830687,
6,3,44,3,60,1Pu,Pacific,7.7 Constant,Static,Mild,-0.138061183,0.90100995,-0.098025686,40.967,NA,NA,NA,NA,NA,NA,NA,NA,
6,3,44,4,60,1Rd,Olympia,7.7 Constant,Static,Mild,-0.507646518,0.674810892,-0.467611021,50.739,1.16,72.28,20.381,0.019864522,0.00928887,0.557332176,0.135,4.128386489,
6,4,41,3,60,3Gr,Olympia,7.7 Constant,Static,Mild,-0.974147709,0.970964492,-0.89970225,35.922,0.64,54.07,17.508,0.017064327,0.015352814,0.92116883,0.114,8.080428333,
6,4,41,4,33,3Pu,Pacific,7.7 Fluctuating 0.5A,Dynamic,Severe,-0.337487936,0.973832704,-0.263042477,36.038,0.37,54.88,18.472,0.018003899,0.00473579,0.284147406,0.079,3.596802602,
6,4,42,1,79,3Bl,Pacific,7.7 Fluctuating 0.5A,Dynamic,Severe,-0.713057716,0.991709595,-0.638612257,35.911,0.55,51.62,15.159,0.014774854,0.009435403,0.566124164,0.094,6.022597488,
6,4,42,2,79,3Gr,Pacific,7.7 Fluctuating 0.5A,Dynamic,Severe,-0.640179881,0.938675849,-0.565734421,40.223,0.47,65.07,24.377,0.023759259,0.013441431,0.806485848,0.072,11.20119233,
6,4,42,3,79,3Or,Olympia,7.7 Fluctuating 0.5A,Dynamic,Severe,-0.663097818,0.943507632,-0.588652359,35.677,1.11,55.69,18.903,0.018423977,0.010845317,0.650719037,0.1184,5.495937816,
6,4,42,4,79,2Or,Olympia,7.7 Fluctuating 0.5A,Dynamic,Severe,-0.694448204,0.888126317,-0.620002745,35.56,0.6,59.19,23.03,0.022446394,0.013916826,0.835009545,0.066,12.65165977,
6,4,44,1,58,3Rd,Pacific,7.7 Fluctuating 0.5A,Dynamic,Severe,-0.639520815,0.983078676,-0.565075356,39.205,NA,NA,NA,NA,NA,NA,NA,NA,
6,4,44,2,58,2Or,Pacific,7.7 Fluctuating 0.5A,Dynamic,Severe,-0.574542272,0.964131486,-0.500096812,45.733,0.14,55.76,9.887,0.009636452,0.004819159,0.289149543,0.02,14.45747715,
6,4,44,3,58,3Or,Olympia,7.7 Fluctuating 0.5A,Dynamic,Severe,-0.138176715,0.868753924,-0.063731256,35.897,NA,NA,NA,NA,NA,NA,NA,NA,
6,4,44,4,58,2Bl,Olympia,7.7 Fluctuating 0.5A,Dynamic,Severe,-0.320605713,0.9450659,-0.246160254,47.339,0.45,66.4,18.611,0.018139376,0.004465193,0.267911608,0.03,8.930386918,
6,5,41,3,64,2Or,Olympia,7.7 Fluctuating 0.2A,Dynamic,Severe,-0.79309337,0.914954671,-0.726854702,39.092,0.81,57.53,17.628,0.017181287,0.012488299,0.749297935,0.129,5.808511122,
6,5,41,4,33,2Bk,Pacific,7.7 Fluctuating 0.5A,Dynamic,Severe,-0.675939895,0.970953939,-0.609701226,39.068,0.32,53.62,14.232,0.013871345,0.008457376,0.507442564,0.0504,10.06830485,
6,5,42,1,33,3Bl,Olympia,7.7 Fluctuating 0.5A,Dynamic,Severe,-0.677795284,0.937244078,-0.611556615,38.981,0.73,58.82,19.109,0.018624756,0.011390093,0.683405576,0.1176,5.811271908,
6,5,42,2,33,2Wh,Olympia,7.7 Fluctuating 0.5A,Dynamic,Severe,-0.50804567,0.98142315,-0.441807001,43.673,0.56,58.31,14.077,0.013720273,0.006061713,0.363702758,0.0622,5.847311219,
6,5,42,3,68,2Bl,Pacific,7.7 Fluctuating 0.5A,Dynamic,Severe,-0.518779915,0.975376229,-0.452541247,38.697,0.25,52.24,13.293,0.01295614,0.005863188,0.351791274,0.052,6.765216816,
6,5,42,4,68,3Gr,Pacific,7.7 Fluctuating 0.5A,Dynamic,Severe,-0.371504899,0.991079052,-0.305266231,46.9,0.3,65.7,18.5,0.018031189,0.005504313,0.330258787,0.046,7.179538859,
6,5,44,1,68,3Pu,Olympia,7.7 Fluctuating 0.5A,Dynamic,Severe,-0.494562393,0.95974819,-0.428323724,42.415,0.75,62.89,19.725,0.019225146,0.008234586,0.494075173,0.133,3.714850928,
6,5,44,2,68,2Or,Olympia,7.7 Fluctuating 0.5A,Dynamic,Severe,-1.06920572,0.984261631,-1.002967052,49.223,0.93,59.98,9.827,0.009577973,0.009606391,0.576383463,0.119,4.843558514,
6,5,44,3,64,2Bl,Pacific,7.7 Fluctuating 0.2A,Dynamic,Severe,-0.112925487,0.811054604,-0.046686819,40.967,0.33,56.75,15.453,0.015061404,0.000703169,0.042190141,0.051,0.827257669,
6,5,44,4,64,3Gr,Pacific,7.7 Fluctuating 0.2A,Dynamic,Severe,-0.617927278,0.926514304,-0.55168861,50.739,0.65,68.07,16.681,0.016258285,0.00896951,0.538170626,0.143,3.763430949,
6,6,41,3,58,3Gr,Pacific,7.7 Fluctuating 0.2A,Dynamic,Severe,-0.714972,0.988759772,-0.655750981,35.922,0.48,51.75,15.348,0.014959064,0.009809421,0.588565267,0.0681,8.642661773,
6,6,41,4,64,3Bl,Olympia,7.7 Fluctuating 0.2A,Dynamic,Severe,-0.603025242,0.975556483,-0.543804224,36.038,1.18,51.29,14.072,0.0137154,0.007458492,0.447509534,0.147,3.044282546,
6,6,42,1,35,3Pu,Pacific,7.7 Fluctuating 0.2A,Dynamic,Severe,-0.814824745,0.986368686,-0.755603726,35.911,0.47,52.23,15.849,0.015447368,0.011672089,0.700325348,0.093,7.530380088,
6,6,42,2,35,2Bl,Pacific,7.7 Fluctuating 0.2A,Dynamic,Severe,-0.439304438,0.983408094,-0.380083419,40.223,0.38,57.64,17.037,0.016605263,0.006311385,0.378683112,0.055,6.885147484,
6,6,42,3,35,3Pi,Olympia,7.7 Fluctuating 0.2A,Dynamic,Severe,-0.246797432,0.98256718,-0.187576413,35.677,0.82,55.41,18.913,0.018433723,0.003457732,0.207463901,0.122,1.700523777,
6,6,42,4,35,3Bl,Olympia,7.7 Fluctuating 0.2A,Dynamic,Severe,-0.53933395,0.975218129,-0.480112932,35.56,0.71,58.85,22.58,0.022007797,0.010566228,0.633973684,0.1007,6.295667169,
6,6,44,1,84,3Si,Pacific,7.7 Fluctuating 0.2A,Dynamic,Severe,-0.470078064,0.983958566,-0.410857045,39.205,0.41,58.46,18.845,0.018367446,0.007546395,0.452783685,0.041,11.04350452,
6,6,44,2,84,3Pu,Pacific,7.7 Fluctuating 0.2A,Dynamic,Severe,-0.318992039,0.989106321,-0.259771021,45.733,0.25,62.65,16.667,0.016244639,0.004219887,0.253193193,0.031,8.167522356,
6,6,44,3,84,1Gr,Olympia,7.7 Fluctuating 0.2A,Dynamic,Severe,-0.9367111,0.984332237,-0.877490081,35.897,1.08,57.07,20.093,0.019583821,0.017184608,1.031076503,0.1376,7.493288539,
6,6,44,4,84,1Or,Olympia,7.7 Fluctuating 0.2A,Dynamic,Severe,-1.055744247,0.993152501,-0.996523228,47.339,0.96,65.36,17.061,0.016628655,0.016570841,0.994250456,0.154,6.45617179,
6,7,41,3,48,2Or,Pacific,7.7 Fluctuating 0.2A,Dynamic,Severe,-0.905946106,0.978305582,-0.784725518,35.922,0.52,50.38,13.938,0.013584795,0.010660336,0.639620133,0.098,6.52673605,
6,7,41,4,48,1Bk,Pacific,7.7 Fluctuating 0.2A,Dynamic,Severe,-0.702203699,0.940913531,-0.580983112,36.038,0.37,51.25,14.842,0.014465887,0.008404436,0.50426616,0.065,7.757940929,
6,7,42,1,48,1Or,Olympia,7.7 Fluctuating 0.2A,Dynamic,Severe,-1.138460604,0.952035163,-1.017240016,35.911,0.96,51.72,14.849,0.01447271,0.014722219,0.883333158,0.141,6.264774169,
6,7,42,2,48,3Pi,Olympia,7.7 Fluctuating 0.2A,Dynamic,Severe,-0.594962633,0.984675345,-0.473742045,40.223,0.62,54.98,14.137,0.013778752,0.006527574,0.391654462,0.095,4.122678543,
6,7,42,3,29,2Rd,Pacific,8.0 Fluctuating 0.2A,Dynamic,Mild,-0.915113562,0.974703963,-0.793892974,35.677,0.49,52.17,16.003,0.015597466,0.012382719,0.742963115,0.0634,11.71866112,
6,7,42,4,29,3Bl,Pacific,8.0 Fluctuating 0.2A,Dynamic,Mild,-0.468490904,0.827344233,-0.347270317,35.56,0.76,59.75,23.43,0.022836257,0.007930354,0.475821258,0.1234,3.855925918,
6,7,44,1,29,3Pi,Olympia,8.0 Fluctuating 0.2A,Dynamic,Mild,-0.683405283,0.911742978,-0.562184696,39.205,0.83,53.78,13.745,0.013396686,0.007531412,0.451884716,0.1244,3.632513794,
6,7,44,2,29,3Pu,Olympia,8.0 Fluctuating 0.2A,Dynamic,Mild,-0.445110597,0.842265319,-0.323890009,45.733,0.71,62.53,16.087,0.015679337,0.005078381,0.304702841,0.1187,2.566999501,
6,7,44,3,34,3Pu,Pacific,8.0 Fluctuating 0.2A,Dynamic,Mild,-0.854311553,0.980225089,-0.733090966,35.897,0.47,55.37,19.003,0.018521442,0.013577902,0.81467413,0.087,9.364070458,
6,7,44,4,34,3Pi,Pacific,8.0 Fluctuating 0.2A,Dynamic,Mild,-1.261859462,0.981671014,-1.140638874,47.339,0.58,63.34,15.421,0.015030214,0.017144047,1.028642812,0.145,7.094088358,
6,8,41,3,34,3Bl,Olympia,8.0 Fluctuating 0.2A,Dynamic,Mild,-0.795383872,0.965903946,-0.750839787,35.922,0.81,52.75,16.018,0.015612086,0.011722175,0.703330509,0.127,5.538035505,
6,8,41,4,34,3Gr,Olympia,8.0 Fluctuating 0.2A,Dynamic,Mild,-0.697258916,0.989291173,-0.652714831,36.038,0.65,52.62,15.932,0.015528265,0.010135529,0.608131736,0.0873,6.965999269,
6,8,42,1,37,3Pu,Pacific,8.0 Fluctuating 0.2A,Dynamic,Mild,-0.69496505,0.981783176,-0.650420966,35.911,0.61,54.48,17.959,0.017503899,0.011384903,0.683094159,0.0931,7.337209013,
6,8,42,2,37,3Pi,Pacific,8.0 Fluctuating 0.2A,Dynamic,Mild,-0.649877953,0.977845559,-0.605333868,40.223,0.67,57.19,16.297,0.015884016,0.009615133,0.576907956,0.074,7.796053464,
6,8,42,3,37,3Gr,Olympia,8.0 Fluctuating 0.2A,Dynamic,Mild,-0.671925596,0.940901773,-0.627381511,35.677,0.87,52.83,16.283,0.01587037,0.009956777,0.597406617,0.147,4.063990591,
6,8,42,4,37,3Pi,Olympia,8.0 Fluctuating 0.2A,Dynamic,Mild,-1.003787329,0.980570148,-0.959243245,35.56,1.06,59.76,23.14,0.022553606,0.021634394,1.298063666,0.1984,6.542659606,
6,8,44,1,74,3Bl,Pacific,8.0 Fluctuating 0.2A,Dynamic,Mild,-0.319331185,0.935421076,-0.274787101,39.205,0.3,51.79,12.285,0.011973684,0.003290214,0.197412838,0.057,3.463383126,
6,8,44,2,74,1Gr,Pacific,8.0 Fluctuating 0.2A,Dynamic,Mild,-0.310634801,0.934703542,-0.266090717,45.733,0.33,60.26,14.197,0.013837232,0.003681959,0.220917538,0.047,4.700373159,
6,8,44,3,74,1Wh,Olympia,8.0 Fluctuating 0.2A,Dynamic,Mild,-0.4546732,0.98922246,-0.410129115,35.897,0.49,52.82,16.433,0.016016569,0.006568861,0.394131682,0.072,5.474051132,
6,8,44,4,74,3Gr,Olympia,8.0 Fluctuating 0.2A,Dynamic,Mild,-0.323683204,0.887238056,-0.279139119,47.339,0.6,60.96,13.021,0.012691033,0.003542564,0.212553829,0.055,3.86461507,
6,9,41,3,58,3Rd,Olympia,7.7 Fluctuating 0.5A,Dynamic,Severe,-0.389272669,0.961645009,-0.295012223,35.922,0.57,52.62,16.128,0.015719298,0.004637385,0.278243107,0.051,5.455747199,
